{
    "1": {
        "vgain": 7.32265770661004,
        "cutoff_freq": 100.0,
        "filter_type": "Lowpass",
        "vosc_freq": 54.54545454545454,
        "vosc_amp": 40,
        "vosc_playing": true,
        "echo_enabled": false,
        "echo_delay_time": 0.009370406407450666,
        "echo_delay_dry_wet": 0.5999999999999996,
        "echo_delay_feedback": 0.10000000000000003,
        "echo_delay_gain": 0.0,
        "echo_reverb_time": 0.1,
        "echo_reverb_dry_wet": 0.05000000000000002,
        "echo_reverb_gain": 1.0
    },
    "2": {
        "vgain": 3.4160738628832616,
        "cutoff_freq": 100.0,
        "filter_type": "Lowpass",
        "vosc_freq": 54.54545454545454,
        "vosc_amp": 0.011022727414974532,
        "vosc_playing": true,
        "echo_enabled": false,
        "echo_delay_time": 0.009370406407450666,
        "echo_delay_dry_wet": 0.5999999999999996,
        "echo_delay_feedback": 0.10000000000000003,
        "echo_delay_gain": 0.0,
        "echo_reverb_time": 0.1,
        "echo_reverb_dry_wet": 0.05000000000000002,
        "echo_reverb_gain": 1.0
    },
    "3": {
        "vgain": 0.989514916626791,
        "cutoff_freq": 100.0,
        "filter_type": "Highpass",
        "vosc_freq": 54.54545454545454,
        "vosc_amp": 40,
        "vosc_playing": true,
        "echo_enabled": true,
        "echo_delay_time": 0.009370406407450666,
        "echo_delay_dry_wet": 0.5999999999999996,
        "echo_delay_feedback": 0.10000000000000003,
        "echo_delay_gain": 0.0,
        "echo_reverb_time": 0.1,
        "echo_reverb_dry_wet": 0.05000000000000002,
        "echo_reverb_gain": 1.0
    },
    "4": {
        "vgain": 0.2153472761569493,
        "cutoff_freq": 100.0,
        "filter_type": "Highpass",
        "vosc_freq": 54.54545454545454,
        "vosc_amp": 40,
        "vosc_playing": true,
        "echo_enabled": true,
        "echo_delay_time": 0.007744137526818732,
        "echo_delay_dry_wet": 1.0,
        "echo_delay_feedback": 0.7999999999999999,
        "echo_delay_gain": 7.5,
        "echo_reverb_time": 0.28111219222351996,
        "echo_reverb_dry_wet": 0.1,
        "echo_reverb_gain": 13.0
    },
    "5": {
        "vgain": 3.4160738628832616,
        "cutoff_freq": 7289.048368510332,
        "filter_type": "Highpass",
        "vosc_freq": 54.54545454545454,
        "vosc_amp": 0.011022727414974532,
        "vosc_playing": true,
        "echo_enabled": true,
        "echo_delay_time": 0.010307447048195735,
        "echo_delay_dry_wet": 0.5499999999999996,
        "echo_delay_feedback": 0.8999999999999999,
        "echo_delay_gain": 1.0,
        "echo_reverb_time": 0.1,
        "echo_reverb_dry_wet": 1.0,
        "echo_reverb_gain": 1.0
    },
    "6": {
        "vgain": 1.1973130491184176,
        "cutoff_freq": 7289.048368510332,
        "filter_type": "None",
        "vosc_freq": 0.14805125235790256,
        "vosc_amp": 0.2816050009752265,
        "vosc_playing": true,
        "echo_enabled": true,
        "echo_delay_time": 0.010307447048195735,
        "echo_delay_dry_wet": 0.29999999999999966,
        "echo_delay_feedback": 0.7,
        "echo_delay_gain": 0.5,
        "echo_reverb_time": 0.1,
        "echo_reverb_dry_wet": 0.09999999999999969,
        "echo_reverb_gain": 0.0
    },
    "7": {
        "vgain": 4.546794311497625,
        "cutoff_freq": 7289.048368510332,
        "filter_type": "None",
        "vosc_freq": 0.13459204759809323,
        "vosc_amp": 0.012125000156471985,
        "vosc_playing": true,
        "echo_enabled": true,
        "echo_delay_time": 0.010307447048195735,
        "echo_delay_dry_wet": 0.29999999999999966,
        "echo_delay_feedback": 0.7,
        "echo_delay_gain": 0.5,
        "echo_reverb_time": 0.1,
        "echo_reverb_dry_wet": 0.09999999999999969,
        "echo_reverb_gain": 0.0
    },
    "8": {
        "vgain": 1.1973130491184176,
        "cutoff_freq": 7289.048368510332,
        "filter_type": "None",
        "vosc_freq": 0.14805125235790256,
        "vosc_amp": 0.2816050009752265,
        "vosc_playing": true,
        "echo_enabled": true,
        "echo_delay_time": 0.010307447048195735,
        "echo_delay_dry_wet": 0.29999999999999966,
        "echo_delay_feedback": 0.7,
        "echo_delay_gain": 0.5,
        "echo_reverb_time": 0.1,
        "echo_reverb_dry_wet": 0.09999999999999969,
        "echo_reverb_gain": 0.0
    },
    "9": {
        "vgain": 0.9999999999999983,
        "cutoff_freq": 2000,
        "filter_type": "High-pass",
        "vosc_freq": 460.0,
        "vosc_amp": 1.0,
        "vosc_playing": true
    },
    "0": {
        "vgain": 0.9999999999999983,
        "cutoff_freq": 2000,
        "filter_type": "High-pass",
        "vosc_freq": 470.0,
        "vosc_amp": 1.0,
        "vosc_playing": true
    },
    "10": {
        "vgain": 0.9999999999999983,
        "cutoff_freq": 2000,
        "filter_type": "High-pass",
        "vosc_freq": 480.0,
        "vosc_amp": 1.0,
        "vosc_playing": true
    },
    "9H8": {
        "vgain": 0.9999999999999983,
        "cutoff_freq": 2000,
        "filter_type": "High-pass",
        "vosc_freq": 450.0,
        "vosc_amp": 1.0,
        "vosc_playing": true
    },
    "11": {
        "vgain": 1.9000000000000017,
        "cutoff_freq": 2000,
        "filter_type": "High-pass",
        "vosc_freq": 450.0,
        "vosc_amp": 1.0,
        "vosc_playing": true
    },
    "12": {
        "vgain": 0.700000000000001,
        "cutoff_freq": 1300,
        "filter_type": "Lowpass",
        "vosc_freq": -110.0,
        "vosc_amp": 1.0,
        "vosc_playing": true
    },
    "13": {
        "vgain": 0.700000000000001,
        "cutoff_freq": 1300,
        "filter_type": "Lowpass",
        "vosc_freq": -120.0,
        "vosc_amp": 1.0,
        "vosc_playing": true
    },
    "14": {
        "vgain": 0.700000000000001,
        "cutoff_freq": 100,
        "filter_type": "Lowpass",
        "vosc_freq": -60.0,
        "vosc_amp": 1.0,
        "vosc_playing": true
    },
    "15": {
        "vgain": 0.9999999999999983,
        "cutoff_freq": 2000,
        "filter_type": "High-pass",
        "vosc_freq": 100.0,
        "vosc_amp": 0.40000000000000013,
        "vosc_playing": true
    },
    "19": {
        "vgain": 30.5,
        "cutoff_freq": 5000,
        "filter_type": "None",
        "vosc_freq": 0.0,
        "vosc_amp": 0.0,
        "vosc_playing": false
    },
    "MIRA": {
        "vgain": 7.32265770661004,
        "cutoff_freq": 100.0,
        "filter_type": "Lowpass",
        "vosc_freq": 54.54545454545454,
        "vosc_amp": 40,
        "vosc_playing": true,
        "echo_enabled": false,
        "echo_delay_time": 0.009370406407450666,
        "echo_delay_dry_wet": 0.5999999999999996,
        "echo_delay_feedback": 0.10000000000000003,
        "echo_delay_gain": 0.0,
        "echo_reverb_time": 0.1,
        "echo_reverb_dry_wet": 0.05000000000000002,
        "echo_reverb_gain": 1.0
    },
    "MIRA2": {
        "vgain": 3.4160738628832616,
        "cutoff_freq": 100.0,
        "filter_type": "Lowpass",
        "vosc_freq": 54.54545454545454,
        "vosc_amp": 0.011022727414974532,
        "vosc_playing": true,
        "echo_enabled": false,
        "echo_delay_time": 0.009370406407450666,
        "echo_delay_dry_wet": 0.5999999999999996,
        "echo_delay_feedback": 0.10000000000000003,
        "echo_delay_gain": 0.0,
        "echo_reverb_time": 0.1,
        "echo_reverb_dry_wet": 0.05000000000000002,
        "echo_reverb_gain": 1.0
    },
    "MIRA4": {
        "vgain": 0.2153472761569493,
        "cutoff_freq": 100.0,
        "filter_type": "Highpass",
        "vosc_freq": 54.54545454545454,
        "vosc_amp": 40,
        "vosc_playing": true,
        "echo_enabled": true,
        "echo_delay_time": 0.007744137526818732,
        "echo_delay_dry_wet": 1.0,
        "echo_delay_feedback": 0.7999999999999999,
        "echo_delay_gain": 7.5,
        "echo_reverb_time": 0.28111219222351996,